topic,link,type,skill name,specific link,description,course appears if,course appears if (numerical)
AI,https://www.ibm.com/academic/topic/artificial-intelligence,courseware,Getting Started with Enterprise-grade AI,https://www.ibm.com/academic/topic/artificial-intelligence?ach_id=256c0f15-a1f2-4b9e-b672-63f4d8b20018,"This course covers the foundations of Artificial Intelligence for business, including the following topics: AI Evolution, AI Industry Adoption Trends, Natural Language Processing and Virtual Agents.",both,2
AI,https://www.ibm.com/academic/topic/artificial-intelligence,courseware,IBM Watson Machine Learning Essentials,https://www.ibm.com/academic/topic/artificial-intelligence?ach_id=463ba684-87d1-4355-853a-ec66814584d9,Watson Machine Learning is a service on IBM Cloud with features for training and deploying machine learning models and neural networks. This course consists of a series of videos showing how to use the Watson Machine Learning in Watson Studio.,both,2
AI,https://www.ibm.com/academic/topic/artificial-intelligence,courseware,IBM AI Education,https://www.ibm.com/academic/topic/artificial-intelligence?ach_id=6d92def9-70bd-4307-9fe8-d2b7372b94f1,"We know that students need to understand AI to be successful in the modern workforce. Through this PD experience, teachers will be able to equip their students to think about how AI impacts their lives and what it means for their professional futures.",both,2
AI,https://www.ibm.com/academic/topic/artificial-intelligence,courseware,Data Refinery Essentials,https://www.ibm.com/academic/topic/artificial-intelligence?ach_id=84b143de-a18b-40b0-8c5c-46a6e9f511c3,"Data Refinery is a self-service data preparation client for data scientists, data engineers, and business analysts. With it, you can quickly transform large amounts of raw data into consumable, quality information that’s ready for analytics.",both,2
AI,https://www.ibm.com/academic/topic/artificial-intelligence,courseware,OpenDS4All,https://www.ibm.com/academic/topic/artificial-intelligence?ach_id=7de402f8-db6b-47a1-ad6c-d5ba028f7d2c,OpenDS4All is a project created to accelerate the creation of data science curriculum at academic institutions. The project hosts educational modules that may be used as building blocks for a data science curriculum.,both,2
AI,https://www.ibm.com/academic/topic/artificial-intelligence,courseware,Watson Academy,https://www.ibm.com/academic/topic/artificial-intelligence?ach_id=dd44379d-d2c6-43ee-aba1-6f362052c2cb,Your fast track to cognitive computing,both,2
AI,https://www.ibm.com/academic/topic/artificial-intelligence,courseware,IBM Watson Knowledge Catalog Essentials,https://www.ibm.com/academic/topic/artificial-intelligence?ach_id=4eb246ce-2c42-485e-a50a-47815da40831,"IBM Watson Knowledge Catalog is a secure enterprise catalog to index, classify, and govern your data with greater efficiency. Manage your data from every angle giving you a 360-degree view of your data so you can create models, uncover insights, and collaborate more effectively.",both,2
AI,https://www.ibm.com/academic/topic/artificial-intelligence,courseware,Create a Node-RED starter application,https://www.ibm.com/academic/topic/artificial-intelligence?ach_id=6ba25c43-1f7f-4762-8924-3dd71d5e3c08,"In this tutorial, you will learn how to create a Node-RED starter application in the IBM Cloud, including a Cloudant database to store the application flow configuration.",both,2
CAPSTONE,https://www.ibm.com/academic/topic/capstone,courseware,Getting Started with Enterprise-grade AI,https://www.ibm.com/academic/topic/capstone?ach_id=256c0f15-a1f2-4b9e-b672-63f4d8b20018,"This course covers the foundations of Artificial Intelligence for business, including the following topics: AI Evolution, AI Industry Adoption Trends, Natural Language Processing and Virtual Agents.",both,2
CAPSTONE,https://www.ibm.com/academic/topic/capstone,courseware,Getting Started with Enterprise Data Science,https://www.ibm.com/academic/topic/capstone?ach_id=8d72f699-26ac-4542-a701-6b69f50e6b5f,"This course provides a basic understanding of the foundations of Data Science including: Data Science Team Roles, Data Analysis Tools, and real-world use cases.",both,2
CAPSTONE,https://www.ibm.com/academic/topic/capstone,courseware,Getting Started with Threat Intelligence and Hunting,https://www.ibm.com/academic/topic/capstone?ach_id=3f13c64c-c7ca-45d8-bce1-f05711460f09,"This is a foundational course, exposing the learner to threat intelligence concepts including: Attack trends by geography, threat intelligence tools and real-world use cases.",both,2
CAPSTONE,https://www.ibm.com/academic/topic/capstone,courseware,Getting Started with Cloud for the Enterprise,https://www.ibm.com/academic/topic/capstone?ach_id=b9de26db-b689-4894-bcad-5aa28deec936,"This course covers the basic foundations of cloud for the enterprise including: Consumer applications, Enterprise adoption, Delivery models and Industry Cloud Adoption.",both,2
DATA SCIENCE,https://www.ibm.com/academic/topic/data-science,courseware,IBM Planning Analytics - Design & Develop Models in Workspace ,https://www.ibm.com/academic/topic/data-science?ach_id=94366672-0dd3-4ac6-bf44-9a0d78c43926,"This course is designed to teach modelers how to build a complete model in IBM Planning Analytics. Through a series of lectures and hands-on exercises, students will learn how to set up dimensions and cubes, manually enter data into these structures, and define the data that users can see.",both,2
DATA SCIENCE,https://www.ibm.com/academic/topic/data-science,courseware,IBM Planning Analytics - Analyze Data and Create Reports,https://www.ibm.com/academic/topic/data-science?ach_id=202b1758-c742-45c3-a8d2-d227bc01c6b8,"This course is designed to teach analysts how to use IBM Planning Analytics to analyze data to discover trends and exceptions, create and customize reports and templates, and contribute data to plans.",both,2
DATA SCIENCE,https://www.ibm.com/academic/topic/data-science,courseware,OpenDS4All,https://www.ibm.com/academic/topic/data-science?ach_id=bcd9ff28-1bf5-45ba-9386-328ebb96a4ee,OpenDS4All is a project created to accelerate the creation of data science curriculum at academic institutions.,both,2
DATA SCIENCE,https://www.ibm.com/academic/topic/data-science,courseware,Getting Started with Enterprise Data Science,https://www.ibm.com/academic/topic/data-science?ach_id=8d72f699-26ac-4542-a701-6b69f50e6b5f,"This course provides a basic understanding of the foundations of Data Science including: Data Science Team Roles, Data Analysis Tools, and real-world use cases.",both,2
DATA SCIENCE,https://www.ibm.com/academic/topic/data-science,courseware,Constraint Programming with ILOG CP Optimizer,https://www.ibm.com/academic/topic/data-science?ach_id=520052ab-1ee5-48c5-8f8f-a614a0971bb5,"Fundamentals of constraint programming (CP). CP is demonstrated through the use of ILOG CP Optimizer via ILOG OPL-CPLEX/ILOG Analyst Studio, a complete integrated development environment which leverages the powerful and intuitive algebraic modeling language, Optimization Programming Language.",both,2
DATA SCIENCE,https://www.ibm.com/academic/topic/data-science,courseware,Overview of IBM Cognos Analytics,https://www.ibm.com/academic/topic/data-science?ach_id=fcce46b0-df00-4abc-9b02-cefc3c52ef08,This course provides participants with a high level overview of the IBM Cognos Analytics suite of products and their underlying architecture. They will examine each component as it relates to an Analytics solution.,both,2
DATA SCIENCE,https://www.ibm.com/academic/topic/data-science,courseware,IBM Cognos Framework Manager - Design Metadata Models ,https://www.ibm.com/academic/topic/data-science?ach_id=c6009472-5471-4d40-a3d4-c68fde05ceb4,"This course provides an introduction to advanced knowledge of metadata modeling concepts, and how to model metadata for predictable reporting and analysis results using IBM Cognos Framework Manager.",both,2
DATA SCIENCE,https://www.ibm.com/academic/topic/data-science,courseware,IBM Cognos Analytics - Author Reports Fundamentals ,https://www.ibm.com/academic/topic/data-science?ach_id=72ba50d6-da72-407e-a8f8-1a0c1e3c972f,"This course provides authors with an introduction to build reports using Cognos Analytics. Techniques to enhance, customize, and manage reports will be explored. Activities will illustrate and reinforce key concepts during this learning opportunity.",both,2
DATA SCIENCE,https://www.ibm.com/academic/topic/data-science,courseware,IBM Cognos Analytics - Author Reports Advanced ,https://www.ibm.com/academic/topic/data-science?ach_id=31fea6d3-db52-4277-9a4d-0dc964f41c80,"This course teaches experienced authors advanced report building techniques to enhance, customize, manage, and distribute reports. Additionally, the student will learn how to create highly interactive and engaging reports that can be run offline by creating Active Reports.",both,2
DATA SCIENCE,https://www.ibm.com/academic/topic/data-science,courseware,IBM Cognos Analytics - Author Reports with Multidimensional Data ,https://www.ibm.com/academic/topic/data-science?ach_id=0fd39d43-923f-4c81-9d04-3eb642192833,"Through interactive demonstrations and exercises, participants will learn how to author reports that navigate and manipulate dimensional data structures using the specific dimensional functions and features available in IBM Cognos Analytics.",both,2
DATA SCIENCE,https://www.ibm.com/academic/topic/data-science,courseware,IBM Cognos Analytics - Architecture and Logging,https://www.ibm.com/academic/topic/data-science?ach_id=cb5cf932-60fd-4bbd-9951-1bc8c0900e78,"Through lecture and interactive exercises participants will identify IBM Cognos Analytics components, examine how these components interact with Java, and will explore logging to assist when troubleshooting issues.",both,2
IBM AUTOMATION,https://www.ibm.com/academic/topic/ibm-automation,courseware,Overview of Process Mining,https://www.ibm.com/academic/topic/ibm-automation?ach_id=d4536c1f-3c0c-4350-b675-0b7f29820ae0,"This course introduces students to IBM Process Mining. Students will learn the differences between process mining and task mining, the different phases of process mining, use cases, and how process mining is performed. Students will also learn how to use IBM Process Mining to import data sources, map data, and how to visualize a process, along with the introduction to other major features of process mining.",both,2
IBM AUTOMATION,https://www.ibm.com/academic/topic/ibm-automation,courseware,IBM Automation Learning Center,https://www.ibm.com/academic/topic/ibm-automation?ach_id=cd823e98-d665-4f0a-885f-34273091e71e,Getting started in your Automation journey is easy!,both,2
IBM AUTOMATION,https://www.ibm.com/academic/topic/ibm-automation,courseware,IBM Process Mining Collection,https://www.ibm.com/academic/topic/ibm-automation?ach_id=3e44a76c-f261-4849-8f75-8c89802be296,Process mining uses business system data to create and visualize an end-to-end process that includes all the process activities involved along with the various process paths. Businesses analyze the discovered process to gain actionable insights for improvement.,both,2
IBM AUTOMATION,https://www.ibm.com/academic/topic/ibm-automation,courseware,IBM Robotic Process Automation - Basic I,https://www.ibm.com/academic/topic/ibm-automation?ach_id=eadb3ad7-335b-4152-b7b9-28ac8439844d,"This is an introductory course to IBM Robotic Process Automation. In this course, students will learn the basics of inserting commands, publishing scripts, controlling the flow of scripts, and many other RPA essentials. This course provides students with the opportunity to learn and sharpen the basic skills needed to successfully learn IBM’s Robotic Process Automation.",both,2
IBM AUTOMATION,https://www.ibm.com/academic/topic/ibm-automation,courseware,IBM Robotic Process Automation - Basic II,https://www.ibm.com/academic/topic/ibm-automation?ach_id=ca833692-6a84-4db4-828e-44f38b7e432a,"RPA Basic II is a continuation of the Basic I course, where students will further their RPA skills and learn more in-depth and essential concepts for the development of the programmer within IBM RPA resources. This course covers the use of assets, parameters, and the manipulation of PDFs, data tables, and databases",both,2
IBM AUTOMATION,https://www.ibm.com/academic/topic/ibm-automation,courseware,Fundamentals of IBM Process Mining,https://www.ibm.com/academic/topic/ibm-automation?ach_id=fe69d706-50d9-4c99-86e7-b79a91c4eefe,"Fundamentals of IBM process mining is a collection of courses that introduces students to process mining and how it is used to perform process and data analysis. Students will learn how to evaluate a process for potential candidates for Robotic Process Automation implementation. Students will also learn advanced data preparation, transformation concepts, and how to evaluate a multi-level process for maverick buying patterns. Finally, students will learn how to create and visualize end-to-end processes that include all process activities involved along with various process paths.",both,2
IBM CLOUD,https://www.ibm.com/academic/topic/cloud,courseware,Solution tutorials,https://www.ibm.com/academic/topic/cloud?ach_id=e79ecf63-74ae-4e12-b0b2-e97de8693f36,"Learn how to build, deploy and scale real-world solutions on IBM Cloud. These guides provide step-by-step instructions on how to use IBM Cloud to implement common patterns based on best practices and proven technologies.",both,2
IBM CLOUD,https://www.ibm.com/academic/topic/cloud,courseware,Journey to Cloud: Envisioning Your Solution,https://www.ibm.com/academic/topic/cloud?ach_id=c0b2b320-7cac-4b42-b5d9-10bbf2c6890e,"This credential earner demonstrates knowledge and understanding of the digital transformation drivers made possible by cloud technologies and services. This includes: how cloud works, its capabilities, types, and delivery models (IaaS, SaaS, and PaaS); digital transformation strategies such as Agile practices, the IBM Garage Method, and Enterprise Design Thinking to help organizations get started on their transformation journey; & deploying a test pilot cloud application using IBM Code Engine.",both,2
IBM CLOUD,https://www.ibm.com/academic/topic/cloud,courseware,IBM Cloud Associate Solution Advisor,https://www.ibm.com/academic/topic/cloud?ach_id=a8c57c17-476e-4b1d-8ee9-cebbbcf7029a,Learners in any job role can get a first look at cloud computing and IBM Cloud. No experience needed. Learn to discuss and use cloud services with confidence. Earn your first cloud certification.,both,2
IBM CLOUD,https://www.ibm.com/academic/topic/cloud,courseware,Cloud Native Bootcamp,https://www.ibm.com/academic/topic/cloud?ach_id=0a0ed707-058c-4bc0-b0bf-d3719d21153d,"Cloud is everywhere. Today, many companies want to migrate their applications on to cloud. For this migration to be done, the applications must be re-architected in a way that they fully utilize the advantages of the cloud.",both,2
IBM CLOUD,https://www.ibm.com/academic/topic/cloud,courseware,IBM CloudLabs,https://www.ibm.com/academic/topic/cloud?ach_id=9aa7bbb1-08c9-4e8f-83e5-365cfb3722ea,"With IBM CloudLabs, you'll have a chance to learn how to operate Kubernetes on IBM Cloud by completing three free interactive labs, entirely through your web browser.",both,2
IBM ENGINEERING,https://www.ibm.com/academic/topic/engineering,courseware,Quick Start Sessions,https://www.ibm.com/academic/topic/engineering?ach_id=4212934e-7c84-4947-9e5a-4110dd206ddc,"Learn how to use IBM Engineering tools. Quick Starts are short, focused, introductory hands-on labs designed to take less than two hours to complete.",both,2
IBM QUANTUM,https://www.ibm.com/academic/topic/quantum-computing,courseware,Quantum Machine Learning,https://www.ibm.com/academic/topic/quantum-computing?ach_id=4980ab77-f539-48de-926f-39ed73caa049,"This course contains around eight hours of content, and is aimed at self-learners who are comfortable with undergraduate-level mathematics and quantum computing fundamentals. This course will take you through key concepts in quantum machine learning, such as parameterized quantum circuits, training these circuits, and applying them to basic problems. By the end of the course, you’ll understand the state of the field, and you’ll be familiar with recent developments in both supervised and unsupervised learning such as quantum kernels and general adversarial networks. This course finishes with a project that you can use to showcase what you’ve learnt.",both,2
IBM QUANTUM,https://www.ibm.com/academic/topic/quantum-computing,courseware,Introduction to Quantum Computing and Quantum Hardware,https://www.ibm.com/academic/topic/quantum-computing?ach_id=c6ab97cf-7d60-4437-b3e5-a29ee75f72dc,"This course is an introduction to the world of quantum computing, with an exploration of some of the key quantum algorithms and their implementations using quantum circuits, as well as the quantum hardware that is designed to run these algorithms.",both,2
IBM QUANTUM,https://www.ibm.com/academic/topic/quantum-computing,courseware,Qiskit Textbook,https://www.ibm.com/academic/topic/quantum-computing?ach_id=1b63f368-d46f-48d3-8221-75b7f9ec515d,Qiskit makes it easy to start learning quantum software to run on real quantum hardware. Teach your students with the same tools used by scientists and engineers worldwide to accelerate research towards practical applications for quantum computing,both,2
IBM SECURITY,https://www.ibm.com/academic/topic/security,courseware,IBM Security Learning Academy,https://www.ibm.com/academic/topic/security?ach_id=ae814370-9289-408a-b08d-26a97a9d459d,Get free technical training for IBM Security products. You can explore the course catalog and build your own curriculum by enrolling in courses.,both,2
IBM SECURITY,https://www.ibm.com/academic/topic/security,courseware,Getting Started with Threat Intelligence and Hunting,https://www.ibm.com/academic/topic/security?ach_id=3f13c64c-c7ca-45d8-bce1-f05711460f09,"This is a foundational course, exposing the learner to threat intelligence concepts including: Attack trends by geography, threat intelligence tools and real-world use cases. Complete this course to get your badge.",both,2
IBM SECURITY,https://www.ibm.com/academic/topic/security,courseware,IBM QRadar SIEM Foundations,https://www.ibm.com/academic/topic/security?ach_id=391e3430-e89c-4aba-a067-605eb5f9f9a6,"IBM QRadar SIEM provides deep visibility into network, user, and application activity. It provides collection, normalization, correlation, and secure storage of events, flows, asset profiles, and vulnerabilities. QRadar SIEM classifies suspected attacks and policy violations as offenses.",both,2
IBM SECURITY,https://www.ibm.com/academic/topic/security,courseware,IBM QRadar SIEM Advanced Topics,https://www.ibm.com/academic/topic/security?ach_id=efe68f7c-4ecc-4af3-986a-fd20767a254c,"Using the skills taught in this course, you will be able to configure processing of uncommon events, work with reference data, and develop custom rules, custom actions, and custom anomoly detection rules using IBM Security QRadar.",both,2
IBM SECURITY,https://www.ibm.com/academic/topic/security,courseware,Developing Secure Software,https://www.ibm.com/academic/topic/security?ach_id=5fa327da-d138-4893-989f-7f46e625ecab,"Learn the security basics to develop software that is hardened against attacks, and understand how you can reduce the damage and speed the response when a vulnerability is exploited. Thanks to the involvement of OpenSSF, a cross-industry collaboration that brings together leaders to improve the security of open source software by building a broader community, targeted initiatives, and best practices, this course provides specific tips on how to use and develop open source and other software securely.",both,2
IBM Z,https://www.ibm.com/academic/topic/ibm-z,courseware,Introduction to the Mainframe,https://www.ibm.com/academic/topic/ibm-z?ach_id=d09f51c0-623d-42bf-b3f1-4b3b6390d9e2,"This textbook provides students with the background, knowledge, and skills necessary to begin using the basic facilities of a mainframe computer. Topics include: job roles; mainframe interfaces; Job Control Language; mainframe hardware and architecture; networking, and security topics",not signed in,0
IBM Z,https://www.ibm.com/academic/topic/ibm-z,courseware,IBM Z Enterprise Computing Kickstart,https://www.ibm.com/academic/topic/ibm-z?ach_id=8686319f-40c7-480d-9246-87f33c3dde32,"13 Courses (56 hours) of online, self-paced courses covering topics from the z/OS Mainframe System, the IBM Development Environment, JCL, WebSphere, COBOL and DB2. Differentiate yourself with essential skills needed by Fortune 500 companies to run their mission-critical workloads.",both,2
IBM Z,https://www.ibm.com/academic/topic/ibm-z,courseware,Introduction to the Cobol Language,https://www.ibm.com/academic/topic/ibm-z?ach_id=d9eb948d-7d1f-4dbb-82b9-0163d668ee64,"The student will learn computer programming and reporting for file-oriented, computerized information systems utilizing the COBOL language. Additional topics include: COBOL sorting routines; table handling features; structured coding techniques; sequential disk organization",not signed in,0
IBM Z,https://www.ibm.com/academic/topic/ibm-z,courseware,Introduction to IBM zSystems,https://www.ibm.com/academic/topic/ibm-z?ach_id=1374257c-dd9b-4527-8376-eb1030e4461a,"This learning journey provides learning content and hands-on labs, and industry recognized badges and certifications from the hardware to the software.",both,2
IBM Z,https://www.ibm.com/academic/topic/ibm-z,courseware,IBM Z System Administrator,https://www.ibm.com/academic/topic/ibm-z?ach_id=c975e88b-5b39-4d3b-8111-5b175c53e5e6,"Build knowledge and skills in IBM Z, a platform used in the world's most critical businesses. Start your career as an IBM Z System Administrator for free with this collection of learning assets.",both,2
IBM Z,https://www.ibm.com/academic/topic/ibm-z,courseware,Architecting Applications with IBM Z,https://www.ibm.com/academic/topic/ibm-z?ach_id=26352f71-436a-4b27-8f99-6ad454c3758b, This collection covers how to architect enterprise workloads with IBM Z using the latest technologies to successfully integrate with your hybrid multicloud.,both,2
IBM Z,https://www.ibm.com/academic/topic/ibm-z,courseware,DevOps Transformations for IBM zSystems and CICD pipelines with DBB Git,https://www.ibm.com/academic/topic/ibm-z?ach_id=7564a47e-a4ed-4e67-bfcb-e9d4a29c169d,"This learning collection provides technical enablement materials in the area of Z DevOps transformations. There are cookbooks, tutorials, technical documents, white papers, demo videos, webinars, badged courses and more! These materials have been broken down into several sections based on the Persona/Role required for each phase of the project.",both,2
IBM Z,https://www.ibm.com/academic/topic/ibm-z,courseware,Application Modernization with IBM z/OS,https://www.ibm.com/academic/topic/ibm-z?ach_id=9e4d004a-b485-4ced-b508-4eace884abdc,"Applications running on IBM Z tend to be very stable, but not stagnant. This Learning Collection covers how to safely update apps using the latest technologies to deliver changes at the speed of business.",both,2
IBM Z,https://www.ibm.com/academic/topic/ibm-z,courseware,Linux on IBM Z,https://www.ibm.com/academic/topic/ibm-z?ach_id=8b0509ed-4320-4e87-83d8-79d2ab9eb8a4,"This course introduces the major functions and capabilities of Linux on IBM Z. It also goes into the advantages of Linux on System z including total cost of ownership, scalability, performance, administration, availability, system, memory management, security and connectivity advantages.",not signed in,0
IBM Z,https://www.ibm.com/academic/topic/ibm-z,courseware,z/OS Introduction,https://www.ibm.com/academic/topic/ibm-z?ach_id=f31ea33c-da0b-426c-97d2-1dd5cebaa0ed,"This series of short videos teaches you about the IBM Z environment. The course starts from the beginning teaching IBM Z basics and the flagship operating system z/OS. The course addresses access and interaction basics, data sets and data access methods, and operating system environment topics.",both,2
RED HAT ACADEMY,https://www.ibm.com/academic/topic/red-hat,courseware,Introduction to OpenShift Applications (DO101),https://www.ibm.com/academic/topic/red-hat?ach_id=60f1582a-7652-4f98-bede-11abff141977,"A developer-focused introduction to OpenShift application building, deployment, scaling, and troubleshooting.",both,2
RED HAT ACADEMY,https://www.ibm.com/academic/topic/red-hat,courseware,Red Hat System Administration I (RH124),https://www.ibm.com/academic/topic/red-hat?ach_id=8f7e3d8b-2faa-4d96-8297-7607bc22c909,The first of two courses that cover the core system administration tasks needed to manage Red Hat® Enterprise Linux® servers.,both,2
RED HAT ACADEMY,https://www.ibm.com/academic/topic/red-hat,courseware,Red Hat System Administration II (RH134),https://www.ibm.com/academic/topic/red-hat?ach_id=a228722e-455c-4ed9-84ea-55d946831efe,Focuses on the key tasks needed to become a full-time Linux administrator,both,2
RED HAT ACADEMY,https://www.ibm.com/academic/topic/red-hat,courseware,Red Hat Enterprise Linux Automation with Ansible (RH294),https://www.ibm.com/academic/topic/red-hat?ach_id=38365183-48ac-44a4-acba-c13e1a06d0d5,Learn how to automate Linux system administration tasks with Red Hat Ansible® Automation Platform,both,2
RED HAT ACADEMY,https://www.ibm.com/academic/topic/red-hat,courseware,Red Hat OpenShift I: Containers & Kubernetes (DO180),https://www.ibm.com/academic/topic/red-hat?ach_id=ff8c2e5d-182b-4c2f-9c97-61f714e85ea0,Introduction to building and managing containers for deployment on a Kubernetes and OpenShift 4 cluster.,both,2
RED HAT ACADEMY,https://www.ibm.com/academic/topic/red-hat,courseware,Red Hat OpenStack Administration I: Core Operations for Domain Operators (CL110),https://www.ibm.com/academic/topic/red-hat?ach_id=40ac4ef9-0288-4c24-8c89-6bd07e74cae4,"Learn to operate a Red Hat OpenStack Platform private cloud and manage domain resources to secure and deploy modern, scalable cloud applications, networks, and storage.",both,2
RED HAT ACADEMY,https://www.ibm.com/academic/topic/red-hat,courseware,Red Hat Application Development I: Programming in Java EE (AD183),https://www.ibm.com/academic/topic/red-hat?ach_id=9020b442-a0af-475d-9582-717332aee248,Helping Java SE developers write Java EE applications.,both,2
AI,https://www.ibm.com/academic/topic/artificial-intelligence,resources,Machine Learning For Kids,https://www.ibm.com/academic/topic/artificial-intelligence?ach_id=3e05edcd-7913-4f23-860b-934cc358a591,"This free tool introduces machine learning by providing hands-on experiences for training machine learning systems and building things with them. It provides an easy-to-use guided environment for training machine learning models to recognize text, numbers, images, or sounds.",both,2
AI,https://www.ibm.com/academic/topic/artificial-intelligence,resources,Machine Learning for Dummies,https://www.ibm.com/academic/topic/artificial-intelligence?ach_id=39fe2c27-1eee-41d1-9286-289bcbd58d83,This book gives you insights into what machine learning is all about and how it can impact the way you can weaponize data to gain unimaginable insights. Your data is only as good as what you do with it and how you manage it.,both,2
AI,https://www.ibm.com/academic/topic/artificial-intelligence,resources,TJBot,https://www.ibm.com/academic/topic/artificial-intelligence?ach_id=dd7a048d-c09e-4155-a952-e4d45379bc22,"Have some fun and code your own AI robot with TJBot, a do-it-yourself template to learn, experiment with and explore AI using IBM Watson services. Get started with easy, step-by-step Instructions and pre-written recipes to bring TJBot to life.",both,2
AI,https://www.ibm.com/academic/topic/artificial-intelligence,resources,Build with Watson,https://www.ibm.com/academic/topic/artificial-intelligence?ach_id=7ee59ed9-5c4c-4539-addc-85ea700678a2,"Access the starter guide, community, resources and tooling to help you build with Watson.",both,2
CAPSTONE,https://www.ibm.com/academic/topic/capstone,resources,EDT Practitioner,https://www.ibm.com/academic/topic/capstone?ach_id=33458628-ada4-4a40-8371-e89a3f370141,"The Practitioner Course will give you a baseline of Enterprise Design Thinking skills: collaboration, synthesis, design research, prototyping, and storytelling.",both,2
CAPSTONE,https://www.ibm.com/academic/topic/capstone,resources,EDT Co-Creator,https://www.ibm.com/academic/topic/capstone?ach_id=b4feb615-8a22-495d-98ea-8d4781af3f98,"These activities will help you work on methods like identifying stakeholders, creating a research plan, and testing ideas.",both,2
CAPSTONE,https://www.ibm.com/academic/topic/capstone,resources,IBM Design Equal Access Toolkit,https://www.ibm.com/academic/topic/capstone?ach_id=e0f12e72-3147-4440-a6b0-e16e1d600e77,Use this toolkit to increase the accessibility of your product regardless of role or expertise.,both,2
CAPSTONE,https://www.ibm.com/academic/topic/capstone,resources,Garage Method,https://www.ibm.com/academic/topic/capstone?ach_id=82710d90-74fe-4dcf-aa02-ed2f5e3aeddb,"The Methodology drives Enterprise Design Thinking at scale, is built on agile principles for colocated and distributed teams, leverages DevOps tools and techniques for continued delivery and operations, fosters digital talent and culture change, and enables Site Reliability Engineering.",both,2
DATA SCIENCE,https://www.ibm.com/academic/topic/data-science,resources,Data Asset eXchange,https://www.ibm.com/academic/topic/data-science?ach_id=c15fddd5-c8e4-40f1-809d-474ae81cd772,The IBM Data Asset eXchange (DAX) is an online hub for developers and data scientists to find free and open data sets under open data licenses.,both,2
IBM CLOUD,https://www.ibm.com/academic/topic/cloud,resources,Get started with IBM Cloud,https://www.ibm.com/academic/topic/cloud?ach_id=6b89651f-07fc-4927-8403-e65a2a1b5105,"Get access to tutorials and materials to help you start building now with use AI, IoT, data and mobile services.",both,2
IBM CLOUD,https://www.ibm.com/academic/topic/cloud,resources,IBM Cloud Foundation Skills Series,https://www.ibm.com/academic/topic/cloud?ach_id=6b410d73-e08a-4b33-a1f1-c1bf69135c0f,A series of videos which aims to give users of IBM Cloud a broad foundation knowledge and some deeper level skills in the tools and services that are available so that they can get started on using their account and building their first environments and applications.,both,2
IBM CLOUD,https://www.ibm.com/academic/topic/cloud,resources,TJBot,https://www.ibm.com/academic/topic/cloud?ach_id=8e45b095-f2cb-4b0e-a796-9eb16fedaf91,"Have some fun and code your own AI robot with TJBot, a do-it-yourself template to learn, experiment with and explore AI using IBM Watson services. Get started with easy, step-by-step Instructions and pre-written recipes to bring TJBot to life.",both,2
IBM CLOUD,https://www.ibm.com/academic/topic/cloud,resources,Open Source Cloud Guide,https://www.ibm.com/academic/topic/cloud?ach_id=b7d11c17-7fa4-4101-a6c2-22aa278eba26,This guide will provide comprehensive learning for hybrid cloud and multicloud developers. As well as an agnostic view of how various clouds are using open source in their offerings.,both,2
IBM CLOUD,https://www.ibm.com/academic/topic/cloud,resources,IBM Cloud Academic User Group,https://www.ibm.com/academic/topic/cloud?ach_id=387268b9-5e61-4cc9-9b04-2f6e4de3e8f4,"A user group for students, faculty, researchers and others to discuss the IBM Cloud and ask questions.",both,2
IBM CLOUD,https://www.ibm.com/academic/topic/cloud,resources,IBM Developer,https://www.ibm.com/academic/topic/cloud?ach_id=39beb633-ef1b-46e4-86f3-4f610822f926,"More than 100 open source programs, a library of knowledge resources, Developer Advocates ready to help, and a global community of developers. What in the world will you create?",both,2
IBM CLOUD,https://www.ibm.com/academic/topic/cloud,resources,IBM Cloud Documentation,https://www.ibm.com/academic/topic/cloud?ach_id=f865d108-f5b6-412b-bfa7-5eb73f18fc9a,"From core concepts to beginner tutorials, find the information you need to start using IBM Cloud.",both,2
IBM CLOUD,https://www.ibm.com/academic/topic/cloud,resources,IBM Cloud Architecture Center,https://www.ibm.com/academic/topic/cloud?ach_id=2789e357-9c5d-46d0-93a6-b74e7c88a2fc,"IBM's architectures provide practices for building apps on the cloud. The reference architectures define the basic pattern, while implementations provide specific technology, practices, and tool choices to build and deploy that pattern.",both,2
IBM CLOUD,https://www.ibm.com/academic/topic/cloud,resources,Cloud Brokering for Dummies,https://www.ibm.com/academic/topic/cloud?ach_id=9e256489-750c-4cc6-902f-8369a291bdcc,This book is intended to help you understand what it means to plan for a hybrid computing future. As more and more services move to the cloud you need to have the right information and the right approach so that you’re prepared for whatever the future brings to your business.,both,2
IBM CLOUD,https://www.ibm.com/academic/topic/cloud,resources,Cloud Services for Dummies,https://www.ibm.com/academic/topic/cloud?ach_id=c34c4a12-14e9-4b66-bbe2-5b9bf5dea195,This book gives you some insights into what it means to leverage both IaaS and PaaS in both public and private cloud environments and how these environments work with data center services.,both,2
IBM ENGINEERING,https://www.ibm.com/academic/topic/engineering,resources,Agile Development - Why Requirements Matter Smart Paper,https://www.ibm.com/academic/topic/engineering?ach_id=b5986248-55a6-40ca-8ed0-c17548cb2cc4,This interactive paper explores the ways requirements management brings value to agile development.,both,2
IBM ENGINEERING,https://www.ibm.com/academic/topic/engineering,resources,IBM Engineering Overview,https://www.ibm.com/academic/topic/engineering?ach_id=e05390cb-c852-4adf-bdf4-a66498f7071c,"Rising product complexity is challenging engineering teams to deliver products to market, faster than the competition. If you're not already embracing digital engineering and an end-to-end engineering lifecycle approach, you're already falling behind.",both,2
IBM ENGINEERING,https://www.ibm.com/academic/topic/engineering,resources,IBM Engineering Help,https://www.ibm.com/academic/topic/engineering?ach_id=3fc860a8-288f-4cbd-b426-795bb38692e7,Learn more about IBM Engineering at the Knowledge Center.,both,2
IBM ENGINEERING,https://www.ibm.com/academic/topic/engineering,resources,SAFe Guidance in ELM Tools,https://www.ibm.com/academic/topic/engineering?ach_id=2201eaa0-e98a-48c2-955d-dab042a16d2e,"The ELM solution provides the industry-standard Scaled Agile Framework- SAFe® methodology built in, helping you get up and running quickly. The ELM tooling environment makes it easy to adopt necessary lean and agile principles.",both,2
IBM ENGINEERING,https://www.ibm.com/academic/topic/engineering,resources,Requirements Quality Assistant (RQA) Demo,https://www.ibm.com/academic/topic/engineering?ach_id=2201eaa0-e98a-48c2-955d-dab042a16d2e,"RQA assesses inconsistent, incomplete and ambiguous requirement definitions. Using natural language processing as part of Watson AI, the solution analyzes and scores each requirement and suggests improvements consistent with the INCOSE Guidelines for Writing Good Requirements.",both,2
IBM ENGINEERING,https://www.ibm.com/academic/topic/engineering,resources,Requirements Quality Assistant Overview,https://www.ibm.com/academic/topic/engineering?ach_id=2a2de98d-26db-4cf1-a3fc-73a2cd0a0d0d,"RQA assesses inconsistent, incomplete and ambiguous requirement definitions. Using natural language processing as part of Watson AI, the solution analyzes and scores each requirement and suggests improvements consistent with the INCOSE Guidelines for Writing Good Requirements.",both,2
IBM ENGINEERING,https://www.ibm.com/academic/topic/engineering,resources,Requirements Quality Assistant (RQA) Game,https://www.ibm.com/academic/topic/engineering?ach_id=536e4895-172d-4779-a1cb-4b89e9368793,Test your requirements management skills. Play this interactive game now to see if you can spot the best requirement from the list. Can you beat Watson?,both,2
IBM ENGINEERING,https://www.ibm.com/academic/topic/engineering,resources,Engineering Requirements Management DOORS Next Overview,https://www.ibm.com/academic/topic/engineering?ach_id=d28e9c78-5144-49f6-a105-d2c895aa68c6,Watch the experts tackle engineering complexity in real-time in this Requirements Management episode of the Full Stack. IBM Engineering Requirements Management tools can provide valuable insights for systems engineers in the area of requirements management and automation.,both,2
IBM ENGINEERING,https://www.ibm.com/academic/topic/engineering,resources,Engineering Workflow Management Overview,https://www.ibm.com/academic/topic/engineering?ach_id=39a4d7a0-5899-4bf9-8457-ad455751ab78,IBM Engineering Workflow Management helps systems engineers put agile methods to work for improved team collaboration and project traceability.,both,2
IBM ENGINEERING,https://www.ibm.com/academic/topic/engineering,resources,Engineering Test Management,https://www.ibm.com/academic/topic/engineering?ach_id=1ac94be9-a75b-43dc-a6d6-6950cd23b582,The IBM Engineering Test Management solution help systems engineers manage quality in software and product development.,both,2
IBM QUANTUM,https://www.ibm.com/academic/topic/quantum-computing,resources,Hello Quantum,https://www.ibm.com/academic/topic/quantum-computing?ach_id=33bb380d-085e-47f1-b3d0-64afeb3558c8,Hello Quantum is a puzzle game designed to teach introductory principles of quantum computing.,both,2
IBM QUANTUM,https://www.ibm.com/academic/topic/quantum-computing,resources,Quantum for Educators,https://www.ibm.com/academic/topic/quantum-computing?ach_id=8f0aa224-1194-4b50-9fc0-0cac333a7c51,"This program helps teachers in the burgeoning quantum computing field connect with one another. And it provides the learning resources, tools, and systems access they need to provide quality educational experiences.",both,2
IBM SECURITY,https://www.ibm.com/academic/topic/security,resources,What is cybersecurity,https://www.ibm.com/academic/topic/security?ach_id=ff63e866-aad5-4859-a8c1-a7b8137c7b2e,"Cybersecurity management is comprised of evolving tools, services and technology that work together to counter today's sophisticated cyber-attack methods. IBM Security offers tools that train businesses to identify, protect, detect, respond, and recover critical data in the event of a cyber-attack.",both,2
IBM SECURITY,https://www.ibm.com/academic/topic/security,resources,IBM Security Learning Academy,https://www.ibm.com/academic/topic/security?ach_id=acfff260-ccc0-4341-b89b-be2428e6fdea,Get free technical training for IBM Security products. You can explore the course catalog and build your own curriculum by enrolling in courses.,both,2
IBM SECURITY,https://www.ibm.com/academic/topic/security,resources,IBM Developer - Security,https://www.ibm.com/academic/topic/security?ach_id=8f8ad424-5427-4c70-a96a-e4b878fbe2d1,"More than 100 open source programs, a library of knowledge resources, Developer Advocates ready to help, and a global community of developers. What in the world will you create?",both,2
IBM SECURITY,https://www.ibm.com/academic/topic/security,resources,Security Intelligence,https://www.ibm.com/academic/topic/security?ach_id=e8451bd4-9312-429e-b30b-b4c1f933d2ba,Read up on the latest perspectives on cybersecurity through the lens of IBM Security experts.,both,2
IBM SECURITY,https://www.ibm.com/academic/topic/security,resources,IBM Security Community,https://www.ibm.com/academic/topic/security?ach_id=335e7705-4196-447d-8924-a9fecd12f361,"Engage with IBM experts, share advice and best practices with peers, and stay up to date on the latest product enhancements.",both,2
IBM SECURITY,https://www.ibm.com/academic/topic/security,resources,IBM X-ForceThreat Intelligence Index,https://www.ibm.com/academic/topic/security?ach_id=042016c7-07ed-4dc9-9688-3d87ff31f6ab,Understand your cyber risks with a global view of the threat landscape.,both,2
IBM Z,https://www.ibm.com/academic/topic/ibm-z,resources,IBM Z Skills Employer Resource Center,https://www.ibm.com/academic/topic/ibm-z?ach_id=95ee5a84-ae76-4f66-bed9-dee0e3d04cb2,Enterprise computing runs on talent. This comprehensive resource center is designed to provide organizations with the tools and guidance needed to develop a solid strategy for building a robust pipeline of mainframe talent that will propel your company's enterprise infrastructures into the future.,both,2
IBM Z,https://www.ibm.com/academic/topic/ibm-z,resources,IBM Z Global Student Hub,https://www.ibm.com/academic/topic/ibm-z?ach_id=59665bfb-0472-4601-a458-48400a8899d5,The Hub is not only a platform for students; it is a learning platform for all. Anyone interested in learning the latest and greatest about enterprise computing and career development is welcome to join our weekly webinars. You can also catch-up on recordings of earlier webinars.,both,2
IBM Z,https://www.ibm.com/academic/topic/ibm-z,resources,IBM Z Xplore,https://www.ibm.com/academic/topic/ibm-z?ach_id=5814e5dc-6280-4cbf-8d08-94b303f92cac,"IBM Z Xplore Learning Platform is a fun way to learn, earn digital badges and experience hands-on mainframe technology with no prior knowledge required!",both,2
IBM Z,https://www.ibm.com/academic/topic/ibm-z,resources,IBM Z Academic Cloud,https://www.ibm.com/academic/topic/ibm-z?ach_id=8c322f1c-fe5f-498d-8068-f44726670c4d,"The IBM Z® Academic Cloud provides no-charge access to z/OS for teaching and research purposes for academics and students only, and is not available for computer hobbyists or self-education.",not signed in,0
IBM Z,https://www.ibm.com/academic/topic/ibm-z,resources,IBM z15 Virtual Tour,https://www.ibm.com/academic/topic/ibm-z?ach_id=318bd0af-d12a-49b2-a278-89895b9e5325,"Meet the new IBM z15. Have a closer look inside a modern mainframe and see how IBM Z systems are designed to bring privacy, security and resiliency to your mission-critical workloads on hybrid cloud.",not signed in,0
IBM Z,https://www.ibm.com/academic/topic/ibm-z,resources,IBM Z Educator Hub,https://www.ibm.com/academic/topic/ibm-z?ach_id=2104f7bc-0582-4ecf-ada0-baa57045405a,"The IBM Z Educator Hub is a new one-stop destination for IBM Z educators to find the latest communications, news and events, as well as collaborate and network.",both,2
IBM Z,https://www.ibm.com/academic/topic/ibm-z,resources,LinuxONE Community Cloud,https://www.ibm.com/academic/topic/ibm-z?ach_id=6b5cad52-6efa-4924-9729-1dcc20335bd0,"No-charge, open access to an enterprise grade Linux environment with code-patterns and tutorials to get you up and running to quickly solve real problems.",both,2
AI,https://www.ibm.com/academic/topic/artificial-intelligence,software,AI Fairness 360,https://www.ibm.com/academic/topic/artificial-intelligence?ach_id=da53c0a2-3b4c-48cc-978a-e55d4b244b83,"The AI Fairness 360 package is an extensible open source toolkit that includes a comprehensive set of metrics for datasets and models to test for biases, explanations for these metrics, and algorithms to mitigate bias in datasets and models. It is available in both Python and R languages.",both,2
AI,https://www.ibm.com/academic/topic/artificial-intelligence,software,Explore the IBM Software Catalog,https://www.ibm.com/academic/topic/artificial-intelligence?ach_id=55fa346e-4d60-417d-ba95-dd210700e34b,Access a comprehensive library of professional software resources for use in the classroom or non-commercial research projects.,am signed in,1
AI,https://www.ibm.com/academic/topic/artificial-intelligence,software,Project Debater for Academic Use,https://www.ibm.com/academic/topic/artificial-intelligence?ach_id=1bca6477-0b9a-4907-a7f9-b4b394523836,Project Debater is the first AI system that can debate humans on complex topics. The goal is to help people build persuasive arguments and make well-informed decisions. We offer free access to these services as Cloud APIs for non commercial academic use.,both,2
AI,https://www.ibm.com/academic/topic/artificial-intelligence,software,IBM Maximo Visual Inspection,https://www.ibm.com/academic/topic/artificial-intelligence?ach_id=f9a6c133-fc0c-44ea-967d-626c38efd36a,"IBM Maximo Visual Inspection empowers SMEs to label, train and deploy deep learning vision models, without coding or deep learning expertise. It includes the most popular deep learning frameworks and their dependencies, and it is built for easy and rapid deployment and increased team productivity",both,2
AI,https://www.ibm.com/academic/topic/artificial-intelligence,software,Project CodeNet,https://www.ibm.com/academic/topic/artificial-intelligence?ach_id=c8e5aa3a-f0b4-4a20-b469-e3f807f8a849,"The goal of Project CodeNet is to provide the AI-for-Code research community with a large scale, diverse, and high quality curated dataset to drive innovation in AI techniques.",both,2
AI,https://www.ibm.com/academic/topic/artificial-intelligence,software,SimulAI,https://www.ibm.com/academic/topic/artificial-intelligence?ach_id=45f7accb-5834-4f8e-9822-b5d8266a7f4b,The SimulAI toolkit provides easy access to state-of-the-art models and algorithms for physics-informed machine learning.,both,2
AI,https://www.ibm.com/academic/topic/artificial-intelligence,software,IBM Digital App Builder,https://www.ibm.com/academic/topic/artificial-intelligence?ach_id=c4fec5bb-1b96-4054-8b2b-c0cf8ac6045c,"IBM Digital App Builder is a low-code tool, which helps to quickly create mobile, web and PWA multi-channel applications with AI capabilities powered by Watson services.",both,2
AI,https://www.ibm.com/academic/topic/artificial-intelligence,software,AI Explainability 360,https://www.ibm.com/academic/topic/artificial-intelligence?ach_id=6b6bffd4-914e-4a82-8461-f7e6e1f73bb2,An open source software toolkit featuring ten explainability methods and two evaluation metrics along with a taxonomy that can help identify gaps where more explainability methods are needed and provide a common platform for their integration.,both,2
AI,https://www.ibm.com/academic/topic/artificial-intelligence,software,AI FactSheets 360,https://www.ibm.com/academic/topic/artificial-intelligence?ach_id=4374a44e-6017-4d13-9d9c-c5ab9e2226e6,The goal of the FactSheet project is to foster trust in AI by increasing transparency and enabling governance to allow AI consumers to understand if an AI model is appropriate for their situation. It enables the specification and enforcement of policies regarding AI model construction.,both,2
AI,https://www.ibm.com/academic/topic/artificial-intelligence,software,Adversarial Robustness Toolbox,https://www.ibm.com/academic/topic/artificial-intelligence?ach_id=de4c4850-f710-4743-a3cb-9bc4651d6030,"Adversarial Robustness Toolbox (ART) is a Python library for Machine Learning Security. ART provides tools that enable developers and researchers to defend and evaluate Machine Learning models and applications against the adversarial threats of Evasion, Poisoning, Extraction, and Inference.",both,2
AI,https://www.ibm.com/academic/topic/artificial-intelligence,software,Causal Inference 360,https://www.ibm.com/academic/topic/artificial-intelligence?ach_id=101e94db-f180-49b1-a98b-90bd15245042,"Go beyond just prediction: By applying Causal Inference 360 to a dataset, you can estimate what may happen to one variable (an ""outcome"") if another variable (an ""intervention"" or ""treatment"") is actively changed, without having to perform a randomized trial.",both,2
AI,https://www.ibm.com/academic/topic/artificial-intelligence,software,Trustworthy Generation 360,https://www.ibm.com/academic/topic/artificial-intelligence?ach_id=06b28621-e099-443b-9c82-90632cf74054,"A collection of platforms and tools that can help you to synthesize novel and useful data for different modalities and applications, and evaluation thereof, using generative machine learning models throughout the AI application lifecycle. We invite you to use and improve them.",both,2
AI,https://www.ibm.com/academic/topic/artificial-intelligence,software,IBM Analog Hardware Acceleration Kit,https://www.ibm.com/academic/topic/artificial-intelligence?ach_id=7bde7ace-f7eb-4aba-9b38-b3ee01568784,IBM Analog Hardware Acceleration Kit is an open source Python toolkit for exploring and using the capabilities of in-memory computing devices in the context of artificial intelligence.,both,2
AI,https://www.ibm.com/academic/topic/artificial-intelligence,software,Uncertainty Quantification 360,https://www.ibm.com/academic/topic/artificial-intelligence?ach_id=5fb682be-883a-499b-bd8e-d261210e4ae2,"Uncertainty quantification gives AI the ability to express that it is unsure, adding critical transparency for the safe deployment and use of AI. This open source toolkit can help you estimate, communicate and use uncertainty in machine learning model predictions through an AI application lifecycle.",both,2
DATA SCIENCE,https://www.ibm.com/academic/topic/data-science,software,Planning Analytics,https://www.ibm.com/academic/topic/data-science?ach_id=116fcd58-da74-46f1-8bb9-503033d443a6,"IBM Planning Analytics is an integrated planning solution that allows you to blend your financial and technical skills to create future budgets/plans & forecasts for all size businesses. Build financial plans that integrate all areas of the business: sales, operations, supply chain management etc.",both,2
DATA SCIENCE,https://www.ibm.com/academic/topic/data-science,software,ILOG CPLEX Optimization Studio,https://www.ibm.com/academic/topic/data-science?ach_id=6fe17098-43df-4a9d-8412-3377286841a3,Analytical decision support toolkit for rapid development and deployment of optimization models using mathematical and constraint programming. It combines an integrated development environment with the powerful Optimization Programming Language and high-performance CPLEX and CP Optimizer solvers.,both,2
DATA SCIENCE,https://www.ibm.com/academic/topic/data-science,software,SPSS Modeler Premium,https://www.ibm.com/academic/topic/data-science?ach_id=a188a713-cd60-4241-a7ca-3fdceadac5b7,SPSS Modeler provides an intuitive graphical interface to help visualize each step in the data mining process. Automatically transforms data into the best format for the most accurate predictive modeling.,both,2
DATA SCIENCE,https://www.ibm.com/academic/topic/data-science,software,SPSS Modeler Premium Concurrent License Request (MAP),https://www.ibm.com/academic/topic/data-science?ach_id=129b53f5-e91e-4930-a2f4-3c1caa730ead,"Need to running SPSS Modeler Premium on multiple machines in a computer classroom or lab? SPSS Modeler provides an intuitive graphical interface to help visualize each step in the data mining process. Automatically transforms data into the best format for the most accurate predictive modeling. Explore geographic data such as latitude and longitude, postal codes and addresses using SPSS.",both,2
DATA SCIENCE,https://www.ibm.com/academic/topic/data-science,software,Cognos Analytics on Cloud,https://www.ibm.com/academic/topic/data-science?ach_id=fa05f75e-b641-4829-8eb9-2202a774909f,"Cognos Analytics, helps enable you to: 1) Find answers, using AI and machine learning; 2) Unearth information that may not be obvious, using pattern detection; 3) Pose questions about your data and receive intelligent responses; 4) Reduce the time needed for data preparation.",both,2
DATA SCIENCE,https://www.ibm.com/academic/topic/data-science,software,Cognos Analytics,https://www.ibm.com/academic/topic/data-science?ach_id=87b72350-2f28-402c-846a-064704a54427,"Cognos Analytics on premise, helps enable you to: 1) Find answers, using AI and machine learning; 2) Unearth information that may not be obvious, using pattern detection; 3) Pose questions about your data and receive intelligent responses; 4) Reduce the time needed for data preparation.",both,2
DATA SCIENCE,https://www.ibm.com/academic/topic/data-science,software,IBM DB2 Standard,https://www.ibm.com/academic/topic/data-science?ach_id=98eae490-30d5-4d6d-bbea-b26fddbf7790,IBM Db2 is a family of hybrid data management products offering a complete suite of AI-empowered capabilities designed to help you manage both structured and unstructured data on premises as well as in private and public cloud environments.,both,2
DATA SCIENCE,https://www.ibm.com/academic/topic/data-science,software,Spectum Scale Developer Edition,https://www.ibm.com/academic/topic/data-science?ach_id=b0688a64-8892-4686-8080-ed2aff1e443a,"Organizations are creating and analyzing more data than ever, and their data storage must support big data and artificial intelligence workloads along with traditional applications while ensuring security, reliability and high performance. IBM Spectrum Scale™ is the solution to these needs.",both,2
DATA SCIENCE,https://www.ibm.com/academic/topic/data-science,software,Elyra,https://www.ibm.com/academic/topic/data-science?ach_id=cccf6298-e7fd-4fd5-acf4-db1f08d2d50c,"Elyra is a set of open source AI-centric extensions to Jupyter Notebooks, and, more specifically, the JupyterLab user interface.",both,2
DATA SCIENCE,https://www.ibm.com/academic/topic/data-science,software,Explore the IBM Software Catalog,https://www.ibm.com/academic/topic/data-science?ach_id=55fa346e-4d60-417d-ba95-dd210700e34b,Access a comprehensive library of professional software resources for use in the classroom or non-commercial research projects.,both,2
IBM AUTOMATION,https://www.ibm.com/academic/topic/ibm-automation,software,Blueworks Live,https://www.ibm.com/academic/topic/ibm-automation?ach_id=09d50e66-3672-4480-9ab1-efa97e1f49be,"IBM Blueworks Live is a cloud-based software that provides a dedicated, collaborative anywhere environment to build and improve business processes through process mapping.
 
Teams can work together through an intuitive and easily accessible web interface to document and analyze processes to help make them more efficient. No download required.",not signed in,0
IBM AUTOMATION,https://www.ibm.com/academic/topic/ibm-automation,software,IBM Process Mining,https://www.ibm.com/academic/topic/ibm-automation?ach_id=56acff55-2f76-488e-9521-03948db028c3,"Today, business processes are performing faster and producing more data than ever before. Companies struggle to keep up with the speed of change and high volumes of data to adopt optimization strategies. 
 
IBM Process Mining lets you instantly visualize complete processes to find and fix inefficiencies that contribute to wasted time and resources. Leverage AI-driven process simulation to confidently improve processes and understand their impact.",not signed in,0
IBM AUTOMATION,https://www.ibm.com/academic/topic/ibm-automation,software,IBM Robotic Process Automation,https://www.ibm.com/academic/topic/ibm-automation?ach_id=6ca239b8-0dab-4040-bce6-f453c4abca3a,"Going from simple, back-office task automation to scaled automation to handle time-consuming business processes can be a challenge. The IBM Robotic Process Automation offering helps you automate more business and IT processes at scale with the ease and speed of traditional RPA. Software robots, or bots, can act on AI insights to complete tasks with no lag time and enable you to achieve digital transformation.",not signed in,0
IBM CLOUD,https://www.ibm.com/academic/topic/cloud,software,IBM Cloud Feature Code,https://www.ibm.com/academic/topic/cloud?ach_id=4829f3aa-5768-44d5-bc36-0d893a485c45,"Get enhanced access to the IBM Cloud the cloud platform that offers a choice of scalable and flexible resources in one consistent experience. Bringing together APIs and services, IBM Cloud offers a rich and continuously expanding ecosystem of services to accelerate the pace of innovation.",both,2
IBM CLOUD,https://www.ibm.com/academic/topic/cloud,software,OpenLiberty,https://www.ibm.com/academic/topic/cloud?ach_id=5e4c7588-5561-4831-8871-ba8f4ca9b486,A lightweight open framework for building fast and efficient cloud-native Java microservices. Build cloud-native apps and microservices while running only what you need. Open Liberty is the most flexible server runtime available to JavaTM developers in this solar system.,both,2
IBM ENGINEERING,https://www.ibm.com/academic/topic/engineering,software,Explore the IBM Software Catalog,https://www.ibm.com/academic/topic/engineering?ach_id=55fa346e-4d60-417d-ba95-dd210700e34b,Access a comprehensive library of professional software resources for use in the classroom or non-commercial research projects.,am signed in,1
IBM ENGINEERING,https://www.ibm.com/academic/topic/engineering,software,IBM Engineering Requirements Management DOORS Next,https://www.ibm.com/academic/topic/engineering?ach_id=1d059eb9-31f1-470a-a1af-703c8bf1cd20,"DOORS Next is a scalable solution to optimize communication, collaboration, and verification of requirements. It enables teams to capture, trace, analyze and manage changes to requirements while maintaining compliance to regulations and standards.",both,2
IBM ENGINEERING,https://www.ibm.com/academic/topic/engineering,software,IBM Engineering Requirements Quality Assistant,https://www.ibm.com/academic/topic/engineering?ach_id=74540390-7faa-4413-bebd-85669b7f16ad,"Using Watson Natural Language Service, RQA has built in quality indicators designed to be consistent with guidelines from the International Council on Systems Engineering (INCOSE) for writing complete, clear and testable requirements to accelerate the review process and increase requirement quality.",both,2
IBM ENGINEERING,https://www.ibm.com/academic/topic/engineering,software,IBM Engineering Workflow Management,https://www.ibm.com/academic/topic/engineering?ach_id=62d45978-0d4d-46fd-a4e8-cdaa1c53b3a7,"EWM automates change, manages plans, tasks, the project status and acts as the critical link between required and delivered work. It provides flexibility to adapt to any process, enabling teams to adopt faster release cycles and manage dependencies across both small and complex development projects.",both,2
IBM ENGINEERING,https://www.ibm.com/academic/topic/engineering,software,IBM Engineering Test Management,https://www.ibm.com/academic/topic/engineering?ach_id=10f2b42b-de51-481b-8fd4-2178a2f76788,A collaborative quality management solution that offers comprehensive test planning and test asset management from requirements to defects. ETM enables teams to seamlessly share information. It uses automation to speed up project schedules and report on metrics for informed release decisions.,both,2
IBM ENGINEERING,https://www.ibm.com/academic/topic/engineering,software,IBM Engineering Systems Design Rhapsody,https://www.ibm.com/academic/topic/engineering?ach_id=6cd329e6-ded8-47ec-bf37-6a1a38bd892c,"Rhapsody helps teams collaborate, share, review and manage designs and models using a central repository. It automatically creates systems specifications and helps you prototype and simulate complex systems for early requirements, architecture, and behavior validation.",both,2
IBM QUANTUM,https://www.ibm.com/academic/topic/quantum-computing,software,IBM Quantum Lab & Composer,https://www.ibm.com/academic/topic/quantum-computing?ach_id=1758070c-e7e7-4fa1-82d6-185ec31c980e,"Explore the world of quantum computing! Check out our User Guides and interactive Demos to learn more about quantum principles. Or, dive right in to create and run algorithms on real quantum computing hardware, using the Quantum Composer and QISKit software developer kit.",both,2
IBM QUANTUM,https://www.ibm.com/academic/topic/quantum-computing,software,Qiskit,https://www.ibm.com/academic/topic/quantum-computing?ach_id=04436e62-4f39-4ed7-8fff-3cd6dcfe649d,"An open-source quantum computing framework for leveraging today's quantum processors in research, education, and business",both,2
IBM SECURITY,https://www.ibm.com/academic/topic/security,software,IBM Data Risk Manager,https://www.ibm.com/academic/topic/security?ach_id=d3b8ca4f-014e-4a68-9558-f6088e40cc3b,"Identify and prevent risks to sensitive business data that may impact business processes, operations, and competitive position using IBM Data Risk Manager. Use the built-in data risk control center to uncover, analyze, and visualize data-related business risks to help executives can take action.",both,2
IBM SECURITY,https://www.ibm.com/academic/topic/security,software,IBM Security SOAR,https://www.ibm.com/academic/topic/security?ach_id=20e4da60-dcbd-432c-a02e-d05d3cee5383,"IBM Security SOAR, formerly IBM Security Resilient, introduces efficiency into the Security Operations Center (SOC). It maximizes security tools by integrating with them, guides the SOC team through the incident response process with playbooks, and leverages automation to reduce repetitive tasks.",both,2
IBM SECURITY,https://www.ibm.com/academic/topic/security,software,QRadar Community Edition,https://www.ibm.com/academic/topic/security?ach_id=fcf14667-74dd-4bb8-93c5-1e533226e731,"With all the functionality of QRadar, Community Edition is your place to start or extend your skills and passion for QRadar. We’ll guide you along the way, with a set of instructional videos to help you get started and access to IBM Learning Academy to deepen those skills.",both,2
IBM SECURITY,https://www.ibm.com/academic/topic/security,software,QRadar SIEM,https://www.ibm.com/academic/topic/security?ach_id=a99c2415-9c68-4bc2-9770-9366330dfc27,"IBM QRadar SIEM helps security teams accurately detect and prioritize threats across the enterprise, and it provides intelligent insights that enable teams to respond quickly to reduce the impact of incidents.",both,2
IBM SECURITY,https://www.ibm.com/academic/topic/security,software,Explore the IBM Software Catalog,https://www.ibm.com/academic/topic/security?ach_id=55fa346e-4d60-417d-ba95-dd210700e34b,Access a comprehensive library of professional software resources for use in the classroom or non-commercial research projects.,am signed in,1
IBM Z,https://www.ibm.com/academic/topic/ibm-z,software,IBM Personal Communications (PCOMM),https://www.ibm.com/academic/topic/ibm-z?ach_id=170748c5-8462-41f2-8594-2b7c491464b3,IBM Personal Communications is a host communication and terminal emulation package for Microsoft Windows. It features virtual terminal (VT) emulation and systems network architecture (SNA) application support and provides a platform to access data and applications on different host systems.,both,2
IBM Z,https://www.ibm.com/academic/topic/ibm-z,software,Zowe,https://www.ibm.com/academic/topic/ibm-z?ach_id=53ff2f28-4fab-4085-a02a-38350d95629c,Zowe offers modern interfaces to interact with z/OS and allows you to work with z/OS in a way that is similar to what you experience on cloud platforms today. You can use these interfaces as delivered or through plug-ins and extensions that are created by clients or third-party vendors.,both,2
IBM Z,https://www.ibm.com/academic/topic/ibm-z,software,IBM Developer for z/OS,https://www.ibm.com/academic/topic/ibm-z?ach_id=9a2141ba-6131-439c-95c4-eff44ea6735d,"IBM Developer for z/OS (IDz) is a modern, robust toolset for developing and maintaining IBM z/OS applications through the use of DevOps practices. It helps you deliver more, faster, with better quality and greater agility.",both,2
IBM Z,https://www.ibm.com/academic/topic/ibm-z,software,IBM Z Software Trials,https://www.ibm.com/academic/topic/ibm-z?ach_id=100bac75-2cfa-40c5-8c91-3b7d02a825d8,"Try the latest IBM® Z software today at no charge, and with no installation required. These no-charge trials are available within two hours for three days.",both,2
IBM Z,https://www.ibm.com/academic/topic/ibm-z,software,Explore the IBM Software Catalog,https://www.ibm.com/academic/topic/ibm-z?ach_id=55fa346e-4d60-417d-ba95-dd210700e34b,Access a comprehensive library of professional software resources for use in the classroom or non-commercial research projects.,am signed in,1
POWER SYSTEMS,https://www.ibm.com/academic/topic/power-systems,software,IBM Watson Machine Learning Accelerator,https://www.ibm.com/academic/topic/power-systems?ach_id=3978eb7d-5b38-4f08-90c8-9729c3f8458a,"Watson Machine Learning Accelerator, makes deep learning and machine learning more accessible. Combining popular open source deep learning frameworks, efficient AI development tools, and accelerated IBM Power Systems servers.",both,2
POWER SYSTEMS,https://www.ibm.com/academic/topic/power-systems,software,IBM Engineering and Scientific Subroutine Library for Linux on Power,https://www.ibm.com/academic/topic/power-systems?ach_id=a0b4e705-43fe-4f29-b512-65a93eb8037b,"IBM Engineering and Scientific Subroutine Library (ESSL) is a state-of-the-art collection of subroutines providing a wide range of mathematical functions for scientific and engineering applications. Its primary characteristics are performance, functional capability, and usability.",both,2
POWER SYSTEMS,https://www.ibm.com/academic/topic/power-systems,software,IBM Rational Developer for i RPG & COBOL Tools,https://www.ibm.com/academic/topic/power-systems?ach_id=6b534422-77d5-4683-99a4-95a63a7ba759,"IBM Rational Developer for i is an integrated development environment (IDE) built on the Eclipse platform. Designed for creating and maintaining applications on IBM i systems, it resides on the developers desktop, supporting development in both host-connected and disconnected modes.",both,2
POWER SYSTEMS,https://www.ibm.com/academic/topic/power-systems,software,IBM XL Fortran,https://www.ibm.com/academic/topic/power-systems?ach_id=8e33d4b3-09ab-4ab8-aff3-920644e27704,"IBM XL Fortran for Linux is an advanced, high-performance compiler that can be used for developing complex, computationally intensive programs, including interlanguage calls with C programs.",both,2
POWER SYSTEMS,https://www.ibm.com/academic/topic/power-systems,software,IBM XL C/C++,https://www.ibm.com/academic/topic/power-systems?ach_id=6197eb71-6ef7-43ec-9318-6df15d61f55d,"IBM XL C/C++ for AIX is an advanced, high-performance compiler that can be used for developing complex, computationally intensive programs, including interlanguage calls with C and Fortran programs.",both,2
POWER SYSTEMS,https://www.ibm.com/academic/topic/power-systems,software,Explore the IBM Software Catalog,https://www.ibm.com/academic/topic/power-systems?ach_id=55fa346e-4d60-417d-ba95-dd210700e34b,Access a comprehensive library of professional software resources for use in the classroom or non-commercial research projects.,am signed in,1
